ID,Serie,Matiere,Chapitre,Enonce,Donnees,Corrige_reference,Resultat_final,Erreur_frequente,Exercice_similaire,Reponse_similaire,Source,Statut_validation,Mise_a_jour
JNG-PC-01,Terminale S2,Physique-Chimie,Chimie — Solutions et pH des bases fortes,"On dissout 2,0 g d'hydroxyde de sodium (NaOH) dans de l'eau pour obtenir 500 mL de solution. Calculer la concentration molaire C de la solution puis son pH à 25 °C.","M(Na) = 23 g/mol ; M(O) = 16 g/mol ; M(H) = 1 g/mol ; Ke = 1,0×10^-14","M(NaOH) = 23 + 16 + 1 = 40 g/mol. n = m/M = 2,0/40 = 0,050 mol. V = 500 mL = 0,500 L. C = n/V = 0,050/0,500 = 0,10 mol/L. NaOH est une base forte : [HO-] = C = 0,10 mol/L, donc pH = 14 + log C = 14 + log(0,10) = 13.","C = 0,10 mol/L ; pH = 13","Laisser le volume en mL : C = 0,050/500 = 1,0×10^-4 mol/L (faux). Toujours convertir le volume en litres avant C = n/V.","On dissout 0,80 g de NaOH pour obtenir 250 mL de solution. Calculer C puis le pH.","n = 0,80/40 = 0,020 mol ; C = 0,020/0,250 = 0,080 mol/L ; pH = 14 + log(0,080) = 12,9",Exercice type Bac rédigé par l'équipe Jàng (programme PC Terminale S2) — corrigé recalculé,À faire valider par un professeur,Septembre 2026
JNG-PC-02,Terminale S2,Physique-Chimie,Chimie — Acides forts,"Une solution d'acide chlorhydrique a une concentration C = 1,0×10^-2 mol/L. Calculer son pH. On dilue cette solution 10 fois : quel est le nouveau pH ?",HCl est un acide fort (réaction totale avec l'eau).,"Acide fort : [H3O+] = C = 1,0×10^-2 mol/L, donc pH = -log C = 2,0. Après dilution par 10 : C' = C/10 = 1,0×10^-3 mol/L, donc pH' = 3,0. Diluer 10 fois un acide fort augmente le pH d'une unité.","pH = 2,0 ; après dilution pH = 3,0","Multiplier ou diviser le pH par 10 lors de la dilution (pH = 20 ou 0,2). C'est la concentration qui est divisée par 10, le pH augmente de 1.","Calculer le pH d'une solution d'acide nitrique de concentration C = 5,0×10^-3 mol/L.","pH = -log(5,0×10^-3) = 2,3",Exercice type Bac rédigé par l'équipe Jàng (programme PC Terminale S2) — corrigé recalculé,À faire valider par un professeur,Septembre 2026
JNG-PC-03,Terminale S2,Physique-Chimie,"Chimie — Acides faibles, Ka et pKa","On prépare une solution d'acide éthanoïque CH3COOH de concentration C = 1,0×10^-2 mol/L. Calculer son pH en supposant l'acide faiblement dissocié.","pKa(CH3COOH/CH3COO-) = 4,8","Acide faible peu dissocié : [H3O+] ≈ √(Ka·C), soit pH = ½(pKa − log C) = ½(4,8 − log 1,0×10^-2) = ½(4,8 + 2) = 3,4. Vérification : pH = 3,4 > 2 = −log C, l'acide est bien faiblement dissocié.","pH ≈ 3,4",Utiliser la formule des acides forts (pH = −log C = 2) alors que l'acide éthanoïque est un acide faible.,"Calculer le pH d'une solution d'acide méthanoïque (pKa = 3,8) de concentration C = 1,0×10^-1 mol/L.","pH = ½(3,8 + 1) = 2,4",Exercice type Bac rédigé par l'équipe Jàng (programme PC Terminale S2) — corrigé recalculé,À faire valider par un professeur,Septembre 2026
JNG-PC-04,Terminale S2,Physique-Chimie,Chimie — Dosage acide faible / base forte,"On dose Va = 20,0 mL d'une solution d'acide éthanoïque par une solution d'hydroxyde de sodium de concentration Cb = 0,10 mol/L. L'équivalence est obtenue pour VbE = 16,0 mL. Calculer la concentration Ca de l'acide. Quel est le pH à la demi-équivalence ?","pKa(CH3COOH/CH3COO-) = 4,8","À l'équivalence : Ca·Va = Cb·VbE, donc Ca = Cb·VbE/Va = 0,10 × 16,0/20,0 = 0,080 mol/L. À la demi-équivalence (Vb = 8,0 mL), [acide] = [base conjuguée], donc pH = pKa = 4,8.","Ca = 0,080 mol/L ; pH(demi-équivalence) = 4,8","Inverser les volumes : Ca = Cb·Va/VbE = 0,125 mol/L (faux).","On dose 10,0 mL d'un acide faible par NaOH à 0,050 mol/L ; l'équivalence est à 12,0 mL. Calculer Ca.","Ca = 0,050 × 12,0/10,0 = 0,060 mol/L",Exercice type Bac rédigé par l'équipe Jàng (programme PC Terminale S2) — corrigé recalculé,À faire valider par un professeur,Septembre 2026
JNG-PC-05,Terminale S2,Physique-Chimie,Chimie — Cinétique chimique,"Au cours d'une réaction totale, la concentration du réactif limitant A passe de 0,040 mol/L à t = 0 à 0,020 mol/L à t = 6,0 min. Calculer la vitesse moyenne de disparition de A entre 0 et 6,0 min, puis donner le temps de demi-réaction.",La réaction est totale et A est le réactif limitant.,"v = −Δ[A]/Δt = (0,040 − 0,020)/6,0 = 3,3×10^-3 mol·L^-1·min^-1. Le temps de demi-réaction est la durée au bout de laquelle l'avancement vaut la moitié de l'avancement final : A limitant et réaction totale, c'est quand [A] = [A]0/2 = 0,020 mol/L, donc t½ = 6,0 min.","v = 3,3×10^-3 mol·L^-1·min^-1 ; t½ = 6,0 min",Oublier le signe moins (vitesse négative) ou confondre t½ avec la moitié de la durée totale de la réaction.,"[A] passe de 0,050 mol/L à 0,025 mol/L en 4,0 min (réaction totale, A limitant). Calculer v moyenne et t½.","v = 0,025/4,0 = 6,3×10^-3 mol·L^-1·min^-1 ; t½ = 4,0 min",Exercice type Bac rédigé par l'équipe Jàng (programme PC Terminale S2) — corrigé recalculé,À faire valider par un professeur,Septembre 2026
JNG-PC-06,Terminale S2,Physique-Chimie,Chimie — Alcools et oxydation ménagée,"On réalise l'oxydation ménagée du butan-2-ol par une solution acidifiée de dichromate de potassium. Donner la classe de l'alcool, le nom et la famille du produit obtenu.",Butan-2-ol : CH3−CHOH−CH2−CH3,"Le carbone fonctionnel porte un seul atome d'hydrogène et est lié à deux atomes de carbone : c'est un alcool secondaire. L'oxydation ménagée d'un alcool secondaire donne une cétone : la butanone CH3−CO−CH2−CH3 (test positif à la DNPH, négatif à la liqueur de Fehling).",Alcool secondaire → butanone (cétone),Donner un aldéhyde (butanal) : seul un alcool primaire donne un aldéhyde puis un acide carboxylique.,Quel produit obtient-on par oxydation ménagée du pentan-1-ol avec un excès d'oxydant ?,"Alcool primaire, oxydant en excès → acide pentanoïque",Exercice type Bac rédigé par l'équipe Jàng (programme PC Terminale S2) — corrigé recalculé,À faire valider par un professeur,Septembre 2026
JNG-PC-07,Terminale S2,Physique-Chimie,Physique — Lois de Newton (plan incliné),"Un solide de masse m = 0,50 kg, lâché sans vitesse initiale, glisse sans frottement sur un plan incliné d'un angle α = 30° par rapport à l'horizontale. Calculer son accélération puis sa vitesse après un parcours de 2,0 m.","g = 9,8 m/s²","Forces : poids P et réaction normale R. 2e loi de Newton projetée sur l'axe de la pente : m·a = m·g·sin α, donc a = g·sin α = 9,8 × 0,5 = 4,9 m/s² (indépendante de la masse). Mouvement uniformément accéléré : v² = 2·a·d, donc v = √(2 × 4,9 × 2,0) = 4,4 m/s.","a = 4,9 m/s² ; v = 4,4 m/s","Projeter avec cos α au lieu de sin α (a = 8,5 m/s², faux).","Même situation avec α = 20° et un parcours de 1,5 m. Calculer a et v.","a = 9,8 × sin 20° = 3,4 m/s² ; v = √(2 × 3,4 × 1,5) = 3,2 m/s",Exercice type Bac rédigé par l'équipe Jàng (programme PC Terminale S2) — corrigé recalculé,À faire valider par un professeur,Septembre 2026
JNG-PC-08,Terminale S2,Physique-Chimie,Physique — Mouvement dans le champ de pesanteur,"Une bille est lancée horizontalement avec une vitesse v0 = 5,0 m/s depuis une hauteur h = 1,8 m. On néglige les frottements. Calculer la durée de chute puis la distance horizontale parcourue avant de toucher le sol.","g = 9,8 m/s²","Équations horaires : x = v0·t et y = ½·g·t² (axe vertical vers le bas). Au sol : ½·g·t² = h, donc t = √(2h/g) = √(2 × 1,8/9,8) = 0,61 s. Portée : x = v0·t = 5,0 × 0,61 = 3,0 m.","t = 0,61 s ; x = 3,0 m","Oublier le facteur ½ (h = g·t² donne t = 0,43 s, faux).","Même exercice avec h = 1,25 m et v0 = 4,0 m/s.","t = √(2 × 1,25/9,8) = 0,51 s ; x = 2,0 m",Exercice type Bac rédigé par l'équipe Jàng (programme PC Terminale S2) — corrigé recalculé,À faire valider par un professeur,Septembre 2026
JNG-PC-09,Terminale S2,Physique-Chimie,Physique — Gravitation et satellites,Un satellite décrit une orbite circulaire à l'altitude h = 800 km autour de la Terre. Calculer sa vitesse puis sa période de révolution.,"Rayon terrestre R = 6400 km ; g0 = 9,8 m/s² au sol","Rayon de l'orbite : r = R + h = 7200 km = 7,2×10^6 m. Dans le référentiel géocentrique, la 2e loi de Newton donne v = √(g0·R²/r) = √(9,8 × (6,4×10^6)² / 7,2×10^6) = 7,5×10^3 m/s. Période : T = 2π·r/v = 2π × 7,2×10^6 / 7,47×10^3 ≈ 6,1×10^3 s ≈ 101 min.","v ≈ 7,5 km/s ; T ≈ 101 min","Prendre r = h au lieu de r = R + h (v = 22 km/s, faux) ou oublier de convertir les km en m.",Même question pour une altitude h = 400 km.,"r = 6,8×10^6 m ; v = 7,7 km/s ; T ≈ 93 min",Exercice type Bac rédigé par l'équipe Jàng (programme PC Terminale S2) — corrigé recalculé,À faire valider par un professeur,Septembre 2026
JNG-PC-10,Terminale S2,Physique-Chimie,Physique — Dipôle RC,"Un condensateur de capacité C = 100 µF, initialement déchargé, est chargé à travers une résistance R = 10 kΩ sous une tension E = 12 V. Calculer la constante de temps τ, la tension uC à t = τ et la durée pratique de la charge.",uC(t) = E(1 − e^(−t/τ)),"τ = R·C = 10×10^3 × 100×10^-6 = 1,0 s. À t = τ : uC = E(1 − e^-1) = 0,63 × 12 = 7,6 V. Le condensateur est pratiquement chargé au bout de 5τ = 5,0 s.","τ = 1,0 s ; uC(τ) = 7,6 V ; charge complète ≈ 5,0 s","Ne pas convertir les µF et les kΩ (τ = 1000 s, faux).","Calculer τ et la durée pratique de charge pour R = 5,0 kΩ et C = 20 µF.","τ = 5,0×10^3 × 20×10^-6 = 0,10 s ; 5τ = 0,50 s",Exercice type Bac rédigé par l'équipe Jàng (programme PC Terminale S2) — corrigé recalculé,À faire valider par un professeur,Septembre 2026
JNG-PC-11,Terminale S2,Physique-Chimie,Physique — Particule dans un champ magnétique,"Un proton pénètre avec une vitesse v = 1,0×10^6 m/s perpendiculairement à un champ magnétique uniforme B = 0,10 T. Montrer que le mouvement est circulaire uniforme et calculer le rayon de la trajectoire.","m(proton) = 1,67×10^-27 kg ; e = 1,6×10^-19 C","La force de Lorentz F = q·v∧B est perpendiculaire à la vitesse : elle ne travaille pas, la vitesse reste constante et le mouvement est circulaire uniforme. Avec m·v²/R = e·v·B : R = m·v/(e·B) = 1,67×10^-27 × 1,0×10^6 / (1,6×10^-19 × 0,10) = 0,10 m = 10 cm.","R ≈ 0,10 m","Erreur sur les puissances de 10 au dénominateur (1,6×10^-19 × 0,10 = 1,6×10^-20).","Même proton avec v = 3,0×10^6 m/s et B = 0,10 T. Calculer R.","R = 0,31 m",Exercice type Bac rédigé par l'équipe Jàng (programme PC Terminale S2) — corrigé recalculé,À faire valider par un professeur,Septembre 2026
JNG-PC-12,Terminale S2,Physique-Chimie,Physique — Effet photoélectrique,"Une cellule au césium (travail d'extraction W0 = 1,9 eV) est éclairée par une lumière de longueur d'onde λ = 500 nm. Calculer l'énergie d'un photon en eV, l'énergie cinétique maximale des électrons émis et la longueur d'onde seuil λ0.","h = 6,62×10^-34 J·s ; c = 3,0×10^8 m/s ; 1 eV = 1,6×10^-19 J","E = h·c/λ = 6,62×10^-34 × 3,0×10^8 / 500×10^-9 = 3,97×10^-19 J = 2,48 eV. Ec max = E − W0 = 2,48 − 1,9 = 0,58 eV. λ0 = h·c/W0 = 1,986×10^-25 / (1,9 × 1,6×10^-19) = 6,5×10^-7 m = 653 nm. Comme λ < λ0, il y a bien émission.","E = 2,48 eV ; Ec max = 0,58 eV ; λ0 ≈ 653 nm",Ne pas convertir les nm en m ou soustraire des joules et des eV sans conversion.,Même cellule éclairée avec λ = 400 nm. Calculer Ec max.,"E = 3,10 eV ; Ec max = 1,2 eV",Exercice type Bac rédigé par l'équipe Jàng (programme PC Terminale S2) — corrigé recalculé,À faire valider par un professeur,Septembre 2026
JNG-PC-13,Terminale S2,Physique-Chimie,Physique — Radioactivité et décroissance,"L'iode 131 a une période radioactive T = 8,0 jours. Un échantillon a une activité A0 = 8,0×10^6 Bq. Quelle est son activité après 24 jours ?",A(t) = A0 / 2^(t/T),"24 jours = 3 périodes. À chaque période, l'activité est divisée par 2 : A = A0/2³ = 8,0×10^6 / 8 = 1,0×10^6 Bq.","A = 1,0×10^6 Bq",Diviser par 3 (nombre de périodes) au lieu de diviser par 2³ = 8.,Quelle fraction de carbone 14 (T = 5730 ans) reste-t-il au bout de 11 460 ans ?,2 périodes → il reste 1/4,Exercice type Bac rédigé par l'équipe Jàng (programme PC Terminale S2) — corrigé recalculé,À faire valider par un professeur,Septembre 2026
JNG-PC-14,Terminale S2,Physique-Chimie,Physique — Interférences lumineuses (fentes de Young),"Deux fentes distantes de a = 1,0 mm sont éclairées par une lumière monochromatique de longueur d'onde λ = 600 nm. L'écran est à D = 2,0 m des fentes. Calculer l'interfrange i.",i = λ·D/a,"i = λ·D/a = 600×10^-9 × 2,0 / 1,0×10^-3 = 1,2×10^-3 m = 1,2 mm.","i = 1,2 mm",Mélanger les unités (nm et mm non convertis en m).,"Calculer i pour λ = 500 nm, a = 0,50 mm et D = 1,5 m.","i = 1,5 mm",Exercice type Bac rédigé par l'équipe Jàng (programme PC Terminale S2) — corrigé recalculé,À faire valider par un professeur,Septembre 2026
